{
  "train_loss": [
    1.0219022439660204,
    0.5153684518980176,
    0.46715067801404087,
    0.45067155160261,
    0.44189795594983333,
    0.4363068848401866,
    0.4329481603166137,
    0.4313071642475628,
    0.42882562375693734,
    0.42804291219300544,
    0.4268756413950902,
    0.4262035091159942,
    0.4255644609865624,
    0.4256704703587271,
    0.4255038472485453
  ],
  "val_loss": [
    0.5468986988652464,
    0.4680451574004551,
    0.4481250163026583,
    0.4447109331045595,
    0.44170616394526696,
    0.44023141868434834,
    0.4406126163154637,
    0.43909416792665007,
    0.43935814342273943,
    0.4361951499162041,
    0.43836328643938927,
    0.4367007398579354,
    0.4373953786589008,
    0.43723403569234753,
    0.43723411795130607
  ],
  "train_context_acc": [
    69.63951310861424,
    96.52387640449437,
    98.49016853932584,
    99.1807116104869,
    99.40894194756554,
    99.53183520599251,
    99.70154494382022,
    99.68984082397003,
    99.79517790262172,
    99.78932584269663,
    99.86540262172284,
    99.88295880149812,
    99.9122191011236,
    99.9005149812734,
    99.89466292134831
  ],
  "train_severity_acc": [
    82.70131086142321,
    95.57584269662921,
    97.50117041198502,
    98.23852996254682,
    98.94077715355806,
    99.28019662921348,
    99.4499063670412,
    99.59035580524345,
    99.66643258426966,
    99.70739700374533,
    99.75421348314607,
    99.77762172284645,
    99.77762172284645,
    99.76006554307116,
    99.77762172284645
  ],
  "val_context_acc": [
    95.2303079858272,
    98.0103570455165,
    98.9097846824748,
    99.12782774597983,
    99.15508312891797,
    99.18233851185609,
    99.07331698010357,
    99.18233851185609,
    99.20959389479422,
    99.2913600436086,
    99.15508312891797,
    99.26410466067048,
    99.23684927773235,
    99.23684927773235,
    99.23684927773235
  ],
  "val_severity_acc": [
    93.02262196783865,
    96.865630962115,
    98.2829108748978,
    98.52820932134097,
    98.99155083128917,
    98.99155083128917,
    99.07331698010357,
    99.20959389479422,
    99.1005723630417,
    99.31861542654674,
    99.23684927773235,
    99.373126192423,
    99.2913600436086,
    99.34587080948486,
    99.373126192423
  ],
  "learning_rate": [
    1.3333333333333333e-05,
    1.9932383577419432e-05,
    1.9396926207859085e-05,
    1.8354878114129368e-05,
    1.686241637868734e-05,
    1.5000000000000002e-05,
    1.2868032327110904e-05,
    1.0581448289104759e-05,
    8.263518223330698e-06,
    6.039202339608432e-06,
    4.028414082972141e-06,
    2.339555568810221e-06,
    1.0636735967658785e-06,
    2.6955129420176193e-07,
    0.0
  ],
  "epoch_time": [
    68.79869055747986,
    70.96860766410828,
    70.98467063903809,
    71.52700328826904,
    71.92413210868835,
    68.71386003494263,
    67.80161714553833,
    66.68330454826355,
    66.85475206375122,
    66.53747129440308,
    66.72746777534485,
    66.49706602096558,
    66.42641878128052,
    66.26217269897461,
    67.66245985031128
  ]
}