{
  "train_loss": [
    0.9269176296549809,
    0.4692039125341827,
    0.4428672566260834,
    0.433774666715203,
    0.4300267633687408,
    0.4268493226859704,
    0.42526707198393043,
    0.4240351582993303,
    0.42374307723904614,
    0.42267249982115473,
    0.42216054506294504,
    0.42192627652062065,
    0.42159998444559404,
    0.42136285587142625,
    0.4213851922165029
  ],
  "val_loss": [
    0.4886447680147048,
    0.44610953930535185,
    0.4362321203363657,
    0.4287912675158957,
    0.4306122790761611,
    0.42507656137041,
    0.4248394394544637,
    0.4244584194378214,
    0.4236073425937785,
    0.4229410166776981,
    0.4215877335056508,
    0.4222656329795483,
    0.42189420941825595,
    0.4217460463323408,
    0.4219043001055341
  ],
  "train_context_acc": [
    77.50386697602475,
    98.1849381283836,
    99.1178460943542,
    99.51662799690641,
    99.67855761794276,
    99.80181747873164,
    99.850154679041,
    99.87674013921114,
    99.88882443928848,
    99.92266047950503,
    99.9395784996133,
    99.94682907965971,
    99.95891337973704,
    99.96133023975251,
    99.96374709976799
  ],
  "train_severity_acc": [
    77.00599381283835,
    98.75531709203403,
    99.6761407579273,
    99.8187354988399,
    99.88640757927301,
    99.9250773395205,
    99.94924593967517,
    99.98066511987625,
    99.97341453982985,
    99.9927494199536,
    99.9927494199536,
    100.0,
    100.0,
    99.99758313998454,
    99.99516627996906
  ],
  "val_context_acc": [
    97.12449255751014,
    98.6468200270636,
    99.08660351826794,
    99.37979251240415,
    99.3234100135318,
    99.57149300857014,
    99.57149300857014,
    99.61659900766801,
    99.59404600811908,
    99.63915200721696,
    99.69553450608932,
    99.67298150654037,
    99.68425800631483,
    99.68425800631483,
    99.69553450608932
  ],
  "val_severity_acc": [
    97.19215155615697,
    99.10915651781687,
    99.6617050067659,
    99.88723500225531,
    99.87595850248083,
    99.89851150202978,
    99.9210645015787,
    99.9210645015787,
    99.90978800180424,
    99.90978800180424,
    99.90978800180424,
    99.89851150202978,
    99.89851150202978,
    99.89851150202978,
    99.89851150202978
  ],
  "learning_rate": [
    1.333677153171738e-05,
    1.9932282941876124e-05,
    1.9396652604122593e-05,
    1.8354475180923178e-05,
    1.686193152289351e-05,
    1.4999480456354778e-05,
    1.2867521474540016e-05,
    1.0580982483590463e-05,
    8.263124362717053e-06,
    6.03889631724535e-06,
    4.028200218753153e-06,
    2.339427032759579e-06,
    1.0636137669506342e-06,
    2.6953592241116043e-07,
    0.0
  ],
  "epoch_time": [
    158.5698971748352,
    158.83805894851685,
    159.52351832389832,
    159.4554328918457,
    159.61061692237854,
    159.9158844947815,
    160.1088671684265,
    159.98987555503845,
    162.3008279800415,
    160.87665796279907,
    161.69077396392822,
    161.3005130290985,
    161.89871788024902,
    163.01110291481018,
    162.29341411590576
  ]
}