{
  "train_loss": [
    1.0204477466797783,
    0.5141630338923917,
    0.46009491088259646,
    0.44428428635705397,
    0.43764199431992656,
    0.43088692381611843,
    0.4285316668971951,
    0.42695445374414914,
    0.4260810641800749,
    0.424541587527623,
    0.4239578149607141,
    0.4232218413136632,
    0.42319570709942417,
    0.4230143238556182,
    0.42276678745597884
  ],
  "val_loss": [
    0.5527311393016956,
    0.457029043479059,
    0.4471831661516955,
    0.43598256029724186,
    0.42781435113674154,
    0.4294003690119717,
    0.4292723200958775,
    0.4271441955879614,
    0.42762428571356453,
    0.4277904229990151,
    0.42717996354570603,
    0.4266429075489554,
    0.4262247019252709,
    0.4264970985006544,
    0.4265077820709999
  ],
  "train_context_acc": [
    69.63610586011342,
    96.74503780718337,
    98.75354442344046,
    99.33837429111531,
    99.53922495274102,
    99.76961247637051,
    99.82277882797732,
    99.84640831758034,
    99.86413043478261,
    99.93501890359168,
    99.93501890359168,
    99.95864839319471,
    99.96455576559546,
    99.96455576559546,
    99.97046313799622
  ],
  "train_severity_acc": [
    83.27032136105859,
    95.08506616257088,
    97.73747637051041,
    98.65902646502835,
    99.10207939508507,
    99.58648393194707,
    99.74007561436673,
    99.78733459357278,
    99.82868620037807,
    99.88185255198488,
    99.91729678638941,
    99.9468336483932,
    99.95864839319471,
    99.94092627599244,
    99.97637051039698
  ],
  "val_context_acc": [
    95.455797301019,
    98.73313136876894,
    98.78821261360507,
    99.36656568438447,
    99.6695125309832,
    99.53180941889286,
    99.44918755163866,
    99.53180941889286,
    99.53180941889286,
    99.61443128614707,
    99.61443128614707,
    99.6695125309832,
    99.64197190856513,
    99.64197190856513,
    99.64197190856513
  ],
  "val_severity_acc": [
    92.15092261085101,
    97.13577526852107,
    98.40264389975214,
    98.62296887909667,
    99.36656568438447,
    99.36656568438447,
    99.44918755163866,
    99.53180941889286,
    99.55935004131094,
    99.64197190856513,
    99.64197190856513,
    99.61443128614707,
    99.64197190856513,
    99.55935004131094,
    99.61443128614707
  ],
  "learning_rate": [
    1.334174022698613e-05,
    1.9932137479117827e-05,
    1.9396257377756e-05,
    1.8353893212398168e-05,
    1.686123127269238e-05,
    1.4998730134324744e-05,
    1.2866783720943078e-05,
    1.0580309796105819e-05,
    8.26255558039401e-06,
    6.038454387926588e-06,
    4.027891377805943e-06,
    2.3392414149752827e-06,
    1.0635273675252444e-06,
    2.6951372425952247e-07,
    0.0
  ],
  "epoch_time": [
    93.61824893951416,
    94.04994416236877,
    94.48017358779907,
    94.48191523551941,
    92.27760601043701,
    90.38612747192383,
    92.59770226478577,
    93.15341687202454,
    97.9934151172638,
    92.72417831420898,
    89.33006763458252,
    88.21605587005615,
    88.41314792633057,
    88.78709435462952,
    92.85217213630676
  ]
}