{
  "train_loss": [
    1.0075063094186874,
    0.5141781221490727,
    0.46278562741829454,
    0.44506594420380763,
    0.4375935055470421,
    0.4321452463732325,
    0.4291557937240781,
    0.4268324775709322,
    0.42642618036901114,
    0.4246216701988011,
    0.4239783030151194,
    0.4237498683266919,
    0.4231333446412546,
    0.42333719235737516,
    0.42287668197051337
  ],
  "val_loss": [
    0.5512565964757493,
    0.46062998463384575,
    0.4424809689972887,
    0.4333991944806302,
    0.429639403311486,
    0.42792585456020016,
    0.42791208258774355,
    0.4268858472987726,
    0.4252094174179943,
    0.42587969617323584,
    0.4253935543294453,
    0.4251044334639074,
    0.42488708823746935,
    0.424647557197015,
    0.42463285080561197
  ],
  "train_context_acc": [
    70.45723062381852,
    96.3492438563327,
    98.59404536862004,
    99.3265595463138,
    99.55694706994329,
    99.72235349716446,
    99.78733459357278,
    99.84050094517958,
    99.87594517958412,
    99.92320415879017,
    99.94092627599244,
    99.92911153119093,
    99.95864839319471,
    99.9468336483932,
    99.95864839319471
  ],
  "train_severity_acc": [
    83.54796786389413,
    95.88846880907373,
    97.80245746691871,
    98.58813799621929,
    99.1257088846881,
    99.43879962192817,
    99.7046313799622,
    99.78142722117202,
    99.8109640831758,
    99.89366729678639,
    99.88775992438563,
    99.91138941398866,
    99.9054820415879,
    99.92320415879017,
    99.94092627599244
  ],
  "val_context_acc": [
    94.5469567612228,
    98.40264389975214,
    99.03607821536767,
    99.53180941889286,
    99.61443128614707,
    99.53180941889286,
    99.586890663729,
    99.55935004131094,
    99.69705315340127,
    99.6695125309832,
    99.64197190856513,
    99.6695125309832,
    99.6695125309832,
    99.69705315340127,
    99.69705315340127
  ],
  "val_severity_acc": [
    92.78435692646654,
    97.85183145139081,
    98.45772514458827,
    98.8432938584412,
    99.39410630680253,
    99.47672817405675,
    99.53180941889286,
    99.61443128614707,
    99.586890663729,
    99.61443128614707,
    99.64197190856513,
    99.586890663729,
    99.6695125309832,
    99.64197190856513,
    99.64197190856513
  ],
  "learning_rate": [
    1.334174022698613e-05,
    1.9932137479117827e-05,
    1.9396257377756e-05,
    1.8353893212398168e-05,
    1.686123127269238e-05,
    1.4998730134324744e-05,
    1.2866783720943078e-05,
    1.0580309796105819e-05,
    8.26255558039401e-06,
    6.038454387926588e-06,
    4.027891377805943e-06,
    2.3392414149752827e-06,
    1.0635273675252444e-06,
    2.6951372425952247e-07,
    0.0
  ],
  "epoch_time": [
    72.84134316444397,
    65.57954335212708,
    65.73942112922668,
    66.11840319633484,
    64.53606152534485,
    70.23170375823975,
    69.03840804100037,
    67.05552649497986,
    71.44066381454468,
    64.52872157096863,
    67.85213041305542,
    68.15943503379822,
    68.99649906158447,
    74.77712535858154,
    67.87869477272034
  ]
}