{
  "metrics": {
    "accuracy": 0.6066666666666667,
    "precision": 0.6639344262295082,
    "recall": 0.5855421686746988,
    "f1": 0.6222791293213829,
    "auc": 0.6342708146016903
  },
  "feature_importance": {
    "context_attribute_escape": 5.598165988922119,
    "waf_f5": 4.565798759460449,
    "context_dom_sink": 4.408388614654541,
    "context_template_injection": 4.0335187911987305,
    "waf_none": 3.128708600997925,
    "encoding_depth": 3.06017804145813,
    "has_dom_sink": 3.031245231628418,
    "waf_sucuri": 3.0307815074920654,
    "has_auto_trigger": 2.4926180839538574,
    "waf_modsecurity": 2.344958782196045,
    "payload_length": 2.2818398475646973,
    "waf_imperva": 2.2690045833587646,
    "waf_wordfence": 2.2351183891296387,
    "has_js_uri": 2.2240347862243652,
    "waf_akamai": 2.1984000205993652,
    "tag_count": 2.196009397506714,
    "has_comment": 2.1895956993103027,
    "waf_cloudflare": 2.1600677967071533,
    "context_tag_injection": 2.1266415119171143,
    "waf_aws_waf": 2.0676095485687256,
    "context_script_injection": 2.0163495540618896,
    "context_attribute": 2.011077642440796,
    "technique_index": 2.0056545734405518,
    "event_handler_count": 1.9371730089187622,
    "quote_count": 1.890966773033142,
    "char_coverage_ratio": 1.8196697235107422,
    "context_event_handler": 1.8172544240951538,
    "context_js_uri": 1.7802155017852783,
    "special_char_diversity": 1.7405297756195068,
    "technique_mutated": 1.7316123247146606,
    "context_technique_alignment": 1.6984853744506836,
    "technique_obfuscated": 1.6487091779708862,
    "severity_value": 1.5897696018218994,
    "has_eval": 1.5231937170028687,
    "technique_original": 1.4420822858810425,
    "length_bucket": 0.8277249932289124
  },
  "training_samples": 5000,
  "data_split": {
    "train": 3500,
    "val": 750,
    "test": 750
  },
  "best_iteration": 34,
  "best_score": 0.6648505872869646
}