{
  "metrics": {
    "accuracy": 0.6270207852193995,
    "precision": 0.6805896805896806,
    "recall": 0.5893617021276596,
    "f1": 0.6316989737742303,
    "auc": 0.693815817751988
  },
  "feature_importance": {
    "waf_none": 10.186572074890137,
    "context_attribute": 7.095309734344482,
    "waf_f5": 6.8520402908325195,
    "context_attribute_escape": 5.091553211212158,
    "context_dom_sink": 4.850557327270508,
    "context_template_injection": 4.487756252288818,
    "technique_obfuscated": 3.7201082706451416,
    "technique_index": 3.5660181045532227,
    "waf_sucuri": 3.420745849609375,
    "context_technique_alignment": 3.1936419010162354,
    "encoding_depth": 3.1861701011657715,
    "has_dom_sink": 3.028931140899658,
    "waf_akamai": 2.826399087905884,
    "tag_count": 2.807401418685913,
    "waf_modsecurity": 2.769850015640259,
    "payload_length": 2.7022461891174316,
    "waf_wordfence": 2.682044744491577,
    "waf_aws_waf": 2.678525924682617,
    "waf_imperva": 2.671168565750122,
    "has_auto_trigger": 2.6031479835510254,
    "context_event_handler": 2.5137436389923096,
    "special_char_diversity": 2.4300553798675537,
    "event_handler_count": 2.3801724910736084,
    "waf_cloudflare": 2.354335069656372,
    "char_coverage_ratio": 2.3507890701293945,
    "has_js_uri": 2.3026700019836426,
    "has_comment": 2.2560834884643555,
    "technique_mutated": 2.237907648086548,
    "context_js_uri": 2.1535840034484863,
    "technique_original": 2.1099913120269775,
    "quote_count": 2.102060079574585,
    "severity_value": 2.014665365219116,
    "length_bucket": 1.8060390949249268,
    "context_tag_injection": 1.6978459358215332,
    "context_script_injection": 1.632737159729004,
    "has_eval": 1.4442628622055054
  },
  "training_samples": 5770,
  "data_split": {
    "train": 4039,
    "val": 865,
    "test": 866
  },
  "best_iteration": 21,
  "best_score": 0.711368165903582
}