{
  "context": 0.5329461097717285,
  "severity": 0.5305010080337524
}